{
  "generated_at": "2025-12-24T16:36:54Z",
  "profiles": [
    {
      "bundle_id": "com.yourteam.entitlement-jail.ProbeService_bookmarks_app_scope",
      "entitlements": {
        "com.apple.security.app-sandbox": true,
        "com.apple.security.files.bookmarks.app-scope": true
      },
      "entitlements_error": null,
      "kind": "probe",
      "label": "bookmarks app scope",
      "profile_id": "bookmarks_app_scope",
      "risk_reasons": [],
      "risk_tier": 0,
      "service_name": "ProbeService_bookmarks_app_scope",
      "tags": [
        "bookmarks_app_scope",
        "probe",
        "sandbox"
      ]
    },
    {
      "bundle_id": "com.yourteam.entitlement-jail.ProbeService_debuggable",
      "entitlements": {
        "com.apple.security.app-sandbox": true,
        "com.apple.security.cs.disable-library-validation": true,
        "com.apple.security.get-task-allow": true
      },
      "entitlements_error": null,
      "kind": "probe",
      "label": "debuggable",
      "profile_id": "debuggable",
      "risk_reasons": [
        "get_task_allow",
        "disable_library_validation"
      ],
      "risk_tier": 1,
      "service_name": "ProbeService_debuggable",
      "tags": [
        "debuggable",
        "disable_library_validation",
        "probe",
        "sandbox"
      ]
    },
    {
      "bundle_id": "com.yourteam.entitlement-jail.ProbeService_downloads_rw",
      "entitlements": {
        "com.apple.security.app-sandbox": true,
        "com.apple.security.files.downloads.read-write": true
      },
      "entitlements_error": null,
      "kind": "probe",
      "label": "downloads rw",
      "profile_id": "downloads_rw",
      "risk_reasons": [],
      "risk_tier": 0,
      "service_name": "ProbeService_downloads_rw",
      "tags": [
        "downloads_rw",
        "probe",
        "sandbox"
      ]
    },
    {
      "bundle_id": "com.yourteam.entitlement-jail.ProbeService_dyld_env_enabled",
      "entitlements": {
        "com.apple.security.app-sandbox": true,
        "com.apple.security.cs.allow-dyld-environment-variables": true
      },
      "entitlements_error": null,
      "kind": "probe",
      "label": "dyld env enabled",
      "profile_id": "dyld_env_enabled",
      "risk_reasons": [
        "allow_dyld_env"
      ],
      "risk_tier": 2,
      "service_name": "ProbeService_dyld_env_enabled",
      "tags": [
        "dyld_env",
        "probe",
        "sandbox"
      ]
    },
    {
      "bundle_id": "com.yourteam.entitlement-jail.ProbeService_fully_injectable",
      "entitlements": {
        "com.apple.security.app-sandbox": true,
        "com.apple.security.cs.allow-dyld-environment-variables": true,
        "com.apple.security.cs.allow-jit": true,
        "com.apple.security.cs.allow-unsigned-executable-memory": true,
        "com.apple.security.cs.disable-library-validation": true,
        "com.apple.security.get-task-allow": true
      },
      "entitlements_error": null,
      "kind": "probe",
      "label": "fully injectable",
      "profile_id": "fully_injectable",
      "risk_reasons": [
        "allow_dyld_env",
        "allow_jit",
        "allow_unsigned_exec_mem"
      ],
      "risk_tier": 2,
      "service_name": "ProbeService_fully_injectable",
      "tags": [
        "debuggable",
        "disable_library_validation",
        "dyld_env",
        "jit",
        "probe",
        "rwx_legacy",
        "sandbox"
      ]
    },
    {
      "bundle_id": "com.yourteam.entitlement-jail.ProbeService_jit_map_jit",
      "entitlements": {
        "com.apple.security.app-sandbox": true,
        "com.apple.security.cs.allow-jit": true
      },
      "entitlements_error": null,
      "kind": "probe",
      "label": "jit map jit",
      "profile_id": "jit_map_jit",
      "risk_reasons": [
        "allow_jit"
      ],
      "risk_tier": 2,
      "service_name": "ProbeService_jit_map_jit",
      "tags": [
        "jit",
        "probe",
        "sandbox"
      ]
    },
    {
      "bundle_id": "com.yourteam.entitlement-jail.ProbeService_jit_rwx_legacy",
      "entitlements": {
        "com.apple.security.app-sandbox": true,
        "com.apple.security.cs.allow-unsigned-executable-memory": true
      },
      "entitlements_error": null,
      "kind": "probe",
      "label": "jit rwx legacy",
      "profile_id": "jit_rwx_legacy",
      "risk_reasons": [
        "allow_unsigned_exec_mem"
      ],
      "risk_tier": 2,
      "service_name": "ProbeService_jit_rwx_legacy",
      "tags": [
        "probe",
        "rwx_legacy",
        "sandbox"
      ]
    },
    {
      "bundle_id": "com.yourteam.entitlement-jail.ProbeService_minimal",
      "entitlements": {
        "com.apple.security.app-sandbox": true
      },
      "entitlements_error": null,
      "kind": "probe",
      "label": "minimal",
      "profile_id": "minimal",
      "risk_reasons": [],
      "risk_tier": 0,
      "service_name": "ProbeService_minimal",
      "tags": [
        "baseline",
        "probe",
        "sandbox"
      ]
    },
    {
      "bundle_id": "com.yourteam.entitlement-jail.ProbeService_net_client",
      "entitlements": {
        "com.apple.security.app-sandbox": true,
        "com.apple.security.network.client": true
      },
      "entitlements_error": null,
      "kind": "probe",
      "label": "net client",
      "profile_id": "net_client",
      "risk_reasons": [],
      "risk_tier": 0,
      "service_name": "ProbeService_net_client",
      "tags": [
        "network_client",
        "probe",
        "sandbox"
      ]
    },
    {
      "bundle_id": "com.yourteam.entitlement-jail.ProbeService_plugin_host_relaxed",
      "entitlements": {
        "com.apple.security.app-sandbox": true,
        "com.apple.security.cs.disable-library-validation": true
      },
      "entitlements_error": null,
      "kind": "probe",
      "label": "plugin host relaxed",
      "profile_id": "plugin_host_relaxed",
      "risk_reasons": [
        "disable_library_validation"
      ],
      "risk_tier": 1,
      "service_name": "ProbeService_plugin_host_relaxed",
      "tags": [
        "disable_library_validation",
        "probe",
        "sandbox"
      ]
    },
    {
      "bundle_id": "com.yourteam.entitlement-jail.ProbeService_user_selected_executable",
      "entitlements": {
        "com.apple.security.app-sandbox": true,
        "com.apple.security.files.user-selected.executable": true
      },
      "entitlements_error": null,
      "kind": "probe",
      "label": "user selected executable",
      "profile_id": "user_selected_executable",
      "risk_reasons": [],
      "risk_tier": 0,
      "service_name": "ProbeService_user_selected_executable",
      "tags": [
        "probe",
        "sandbox",
        "user_selected_executable"
      ]
    },
    {
      "bundle_id": "com.yourteam.entitlement-jail.QuarantineLab_bookmarks_app_scope",
      "entitlements": {
        "com.apple.security.app-sandbox": true,
        "com.apple.security.files.bookmarks.app-scope": true
      },
      "entitlements_error": null,
      "kind": "quarantine",
      "label": "quarantine bookmarks app scope",
      "profile_id": "quarantine_bookmarks_app_scope",
      "risk_reasons": [],
      "risk_tier": 0,
      "service_name": "QuarantineLab_bookmarks_app_scope",
      "tags": [
        "bookmarks_app_scope",
        "quarantine",
        "sandbox"
      ]
    },
    {
      "bundle_id": "com.yourteam.entitlement-jail.QuarantineLab_default",
      "entitlements": {
        "com.apple.security.app-sandbox": true
      },
      "entitlements_error": null,
      "kind": "quarantine",
      "label": "quarantine default",
      "profile_id": "quarantine_default",
      "risk_reasons": [],
      "risk_tier": 0,
      "service_name": "QuarantineLab_default",
      "tags": [
        "baseline",
        "quarantine",
        "sandbox"
      ]
    },
    {
      "bundle_id": "com.yourteam.entitlement-jail.QuarantineLab_downloads_rw",
      "entitlements": {
        "com.apple.security.app-sandbox": true,
        "com.apple.security.files.downloads.read-write": true
      },
      "entitlements_error": null,
      "kind": "quarantine",
      "label": "quarantine downloads rw",
      "profile_id": "quarantine_downloads_rw",
      "risk_reasons": [],
      "risk_tier": 0,
      "service_name": "QuarantineLab_downloads_rw",
      "tags": [
        "downloads_rw",
        "quarantine",
        "sandbox"
      ]
    },
    {
      "bundle_id": "com.yourteam.entitlement-jail.QuarantineLab_net_client",
      "entitlements": {
        "com.apple.security.app-sandbox": true,
        "com.apple.security.network.client": true
      },
      "entitlements_error": null,
      "kind": "quarantine",
      "label": "quarantine net client",
      "profile_id": "quarantine_net_client",
      "risk_reasons": [],
      "risk_tier": 0,
      "service_name": "QuarantineLab_net_client",
      "tags": [
        "network_client",
        "quarantine",
        "sandbox"
      ]
    },
    {
      "bundle_id": "com.yourteam.entitlement-jail.QuarantineLab_user_selected_executable",
      "entitlements": {
        "com.apple.security.app-sandbox": true,
        "com.apple.security.files.user-selected.executable": true
      },
      "entitlements_error": null,
      "kind": "quarantine",
      "label": "quarantine user selected executable",
      "profile_id": "quarantine_user_selected_executable",
      "risk_reasons": [],
      "risk_tier": 0,
      "service_name": "QuarantineLab_user_selected_executable",
      "tags": [
        "quarantine",
        "sandbox",
        "user_selected_executable"
      ]
    }
  ]
}
