{
  "entries": [
    {
      "bundle_id": "com.yourteam.entitlement-jail.ProbeService_bookmarks_app_scope",
      "id": "com.yourteam.entitlement-jail.ProbeService_bookmarks_app_scope",
      "rel_path": "Contents/XPCServices/ProbeService_bookmarks_app_scope.xpc/Contents/MacOS/ProbeService_bookmarks_app_scope",
      "symbols": [
        "ej_connect",
        "ej_dlopen",
        "ej_getaddrinfo",
        "ej_mmap",
        "ej_munmap",
        "ej_open",
        "ej_probe_dlopen_external",
        "ej_probe_fs_op",
        "ej_probe_fs_op_wait",
        "ej_probe_jit_map_jit",
        "ej_probe_jit_rwx_legacy",
        "ej_probe_net_op",
        "ej_sendto"
      ]
    },
    {
      "bundle_id": "com.yourteam.entitlement-jail.ProbeService_debuggable",
      "id": "com.yourteam.entitlement-jail.ProbeService_debuggable",
      "rel_path": "Contents/XPCServices/ProbeService_debuggable.xpc/Contents/MacOS/ProbeService_debuggable",
      "symbols": [
        "ej_connect",
        "ej_dlopen",
        "ej_getaddrinfo",
        "ej_mmap",
        "ej_munmap",
        "ej_open",
        "ej_probe_dlopen_external",
        "ej_probe_fs_op",
        "ej_probe_fs_op_wait",
        "ej_probe_jit_map_jit",
        "ej_probe_jit_rwx_legacy",
        "ej_probe_net_op",
        "ej_sendto"
      ]
    },
    {
      "bundle_id": "com.yourteam.entitlement-jail.ProbeService_downloads_rw",
      "id": "com.yourteam.entitlement-jail.ProbeService_downloads_rw",
      "rel_path": "Contents/XPCServices/ProbeService_downloads_rw.xpc/Contents/MacOS/ProbeService_downloads_rw",
      "symbols": [
        "ej_connect",
        "ej_dlopen",
        "ej_getaddrinfo",
        "ej_mmap",
        "ej_munmap",
        "ej_open",
        "ej_probe_dlopen_external",
        "ej_probe_fs_op",
        "ej_probe_fs_op_wait",
        "ej_probe_jit_map_jit",
        "ej_probe_jit_rwx_legacy",
        "ej_probe_net_op",
        "ej_sendto"
      ]
    },
    {
      "bundle_id": "com.yourteam.entitlement-jail.ProbeService_dyld_env_enabled",
      "id": "com.yourteam.entitlement-jail.ProbeService_dyld_env_enabled",
      "rel_path": "Contents/XPCServices/ProbeService_dyld_env_enabled.xpc/Contents/MacOS/ProbeService_dyld_env_enabled",
      "symbols": [
        "ej_connect",
        "ej_dlopen",
        "ej_getaddrinfo",
        "ej_mmap",
        "ej_munmap",
        "ej_open",
        "ej_probe_dlopen_external",
        "ej_probe_fs_op",
        "ej_probe_fs_op_wait",
        "ej_probe_jit_map_jit",
        "ej_probe_jit_rwx_legacy",
        "ej_probe_net_op",
        "ej_sendto"
      ]
    },
    {
      "bundle_id": "com.yourteam.entitlement-jail.ProbeService_fully_injectable",
      "id": "com.yourteam.entitlement-jail.ProbeService_fully_injectable",
      "rel_path": "Contents/XPCServices/ProbeService_fully_injectable.xpc/Contents/MacOS/ProbeService_fully_injectable",
      "symbols": [
        "ej_connect",
        "ej_dlopen",
        "ej_getaddrinfo",
        "ej_mmap",
        "ej_munmap",
        "ej_open",
        "ej_probe_dlopen_external",
        "ej_probe_fs_op",
        "ej_probe_fs_op_wait",
        "ej_probe_jit_map_jit",
        "ej_probe_jit_rwx_legacy",
        "ej_probe_net_op",
        "ej_sendto"
      ]
    },
    {
      "bundle_id": "com.yourteam.entitlement-jail.ProbeService_jit_map_jit",
      "id": "com.yourteam.entitlement-jail.ProbeService_jit_map_jit",
      "rel_path": "Contents/XPCServices/ProbeService_jit_map_jit.xpc/Contents/MacOS/ProbeService_jit_map_jit",
      "symbols": [
        "ej_connect",
        "ej_dlopen",
        "ej_getaddrinfo",
        "ej_mmap",
        "ej_munmap",
        "ej_open",
        "ej_probe_dlopen_external",
        "ej_probe_fs_op",
        "ej_probe_fs_op_wait",
        "ej_probe_jit_map_jit",
        "ej_probe_jit_rwx_legacy",
        "ej_probe_net_op",
        "ej_sendto"
      ]
    },
    {
      "bundle_id": "com.yourteam.entitlement-jail.ProbeService_jit_rwx_legacy",
      "id": "com.yourteam.entitlement-jail.ProbeService_jit_rwx_legacy",
      "rel_path": "Contents/XPCServices/ProbeService_jit_rwx_legacy.xpc/Contents/MacOS/ProbeService_jit_rwx_legacy",
      "symbols": [
        "ej_connect",
        "ej_dlopen",
        "ej_getaddrinfo",
        "ej_mmap",
        "ej_munmap",
        "ej_open",
        "ej_probe_dlopen_external",
        "ej_probe_fs_op",
        "ej_probe_fs_op_wait",
        "ej_probe_jit_map_jit",
        "ej_probe_jit_rwx_legacy",
        "ej_probe_net_op",
        "ej_sendto"
      ]
    },
    {
      "bundle_id": "com.yourteam.entitlement-jail.ProbeService_minimal",
      "id": "com.yourteam.entitlement-jail.ProbeService_minimal",
      "rel_path": "Contents/XPCServices/ProbeService_minimal.xpc/Contents/MacOS/ProbeService_minimal",
      "symbols": [
        "ej_connect",
        "ej_dlopen",
        "ej_getaddrinfo",
        "ej_mmap",
        "ej_munmap",
        "ej_open",
        "ej_probe_dlopen_external",
        "ej_probe_fs_op",
        "ej_probe_fs_op_wait",
        "ej_probe_jit_map_jit",
        "ej_probe_jit_rwx_legacy",
        "ej_probe_net_op",
        "ej_sendto"
      ]
    },
    {
      "bundle_id": "com.yourteam.entitlement-jail.ProbeService_net_client",
      "id": "com.yourteam.entitlement-jail.ProbeService_net_client",
      "rel_path": "Contents/XPCServices/ProbeService_net_client.xpc/Contents/MacOS/ProbeService_net_client",
      "symbols": [
        "ej_connect",
        "ej_dlopen",
        "ej_getaddrinfo",
        "ej_mmap",
        "ej_munmap",
        "ej_open",
        "ej_probe_dlopen_external",
        "ej_probe_fs_op",
        "ej_probe_fs_op_wait",
        "ej_probe_jit_map_jit",
        "ej_probe_jit_rwx_legacy",
        "ej_probe_net_op",
        "ej_sendto"
      ]
    },
    {
      "bundle_id": "com.yourteam.entitlement-jail.ProbeService_plugin_host_relaxed",
      "id": "com.yourteam.entitlement-jail.ProbeService_plugin_host_relaxed",
      "rel_path": "Contents/XPCServices/ProbeService_plugin_host_relaxed.xpc/Contents/MacOS/ProbeService_plugin_host_relaxed",
      "symbols": [
        "ej_connect",
        "ej_dlopen",
        "ej_getaddrinfo",
        "ej_mmap",
        "ej_munmap",
        "ej_open",
        "ej_probe_dlopen_external",
        "ej_probe_fs_op",
        "ej_probe_fs_op_wait",
        "ej_probe_jit_map_jit",
        "ej_probe_jit_rwx_legacy",
        "ej_probe_net_op",
        "ej_sendto"
      ]
    },
    {
      "bundle_id": "com.yourteam.entitlement-jail.ProbeService_user_selected_executable",
      "id": "com.yourteam.entitlement-jail.ProbeService_user_selected_executable",
      "rel_path": "Contents/XPCServices/ProbeService_user_selected_executable.xpc/Contents/MacOS/ProbeService_user_selected_executable",
      "symbols": [
        "ej_connect",
        "ej_dlopen",
        "ej_getaddrinfo",
        "ej_mmap",
        "ej_munmap",
        "ej_open",
        "ej_probe_dlopen_external",
        "ej_probe_fs_op",
        "ej_probe_fs_op_wait",
        "ej_probe_jit_map_jit",
        "ej_probe_jit_rwx_legacy",
        "ej_probe_net_op",
        "ej_sendto"
      ]
    },
    {
      "bundle_id": "com.yourteam.entitlement-jail.QuarantineLab_bookmarks_app_scope",
      "id": "com.yourteam.entitlement-jail.QuarantineLab_bookmarks_app_scope",
      "rel_path": "Contents/XPCServices/QuarantineLab_bookmarks_app_scope.xpc/Contents/MacOS/QuarantineLab_bookmarks_app_scope",
      "symbols": [
        "ej_connect",
        "ej_dlopen",
        "ej_getaddrinfo",
        "ej_mmap",
        "ej_munmap",
        "ej_open",
        "ej_probe_dlopen_external",
        "ej_probe_fs_op",
        "ej_probe_fs_op_wait",
        "ej_probe_jit_map_jit",
        "ej_probe_jit_rwx_legacy",
        "ej_probe_net_op",
        "ej_sendto"
      ]
    },
    {
      "bundle_id": "com.yourteam.entitlement-jail.QuarantineLab_default",
      "id": "com.yourteam.entitlement-jail.QuarantineLab_default",
      "rel_path": "Contents/XPCServices/QuarantineLab_default.xpc/Contents/MacOS/QuarantineLab_default",
      "symbols": [
        "ej_connect",
        "ej_dlopen",
        "ej_getaddrinfo",
        "ej_mmap",
        "ej_munmap",
        "ej_open",
        "ej_probe_dlopen_external",
        "ej_probe_fs_op",
        "ej_probe_fs_op_wait",
        "ej_probe_jit_map_jit",
        "ej_probe_jit_rwx_legacy",
        "ej_probe_net_op",
        "ej_sendto"
      ]
    },
    {
      "bundle_id": "com.yourteam.entitlement-jail.QuarantineLab_downloads_rw",
      "id": "com.yourteam.entitlement-jail.QuarantineLab_downloads_rw",
      "rel_path": "Contents/XPCServices/QuarantineLab_downloads_rw.xpc/Contents/MacOS/QuarantineLab_downloads_rw",
      "symbols": [
        "ej_connect",
        "ej_dlopen",
        "ej_getaddrinfo",
        "ej_mmap",
        "ej_munmap",
        "ej_open",
        "ej_probe_dlopen_external",
        "ej_probe_fs_op",
        "ej_probe_fs_op_wait",
        "ej_probe_jit_map_jit",
        "ej_probe_jit_rwx_legacy",
        "ej_probe_net_op",
        "ej_sendto"
      ]
    },
    {
      "bundle_id": "com.yourteam.entitlement-jail.QuarantineLab_net_client",
      "id": "com.yourteam.entitlement-jail.QuarantineLab_net_client",
      "rel_path": "Contents/XPCServices/QuarantineLab_net_client.xpc/Contents/MacOS/QuarantineLab_net_client",
      "symbols": [
        "ej_connect",
        "ej_dlopen",
        "ej_getaddrinfo",
        "ej_mmap",
        "ej_munmap",
        "ej_open",
        "ej_probe_dlopen_external",
        "ej_probe_fs_op",
        "ej_probe_fs_op_wait",
        "ej_probe_jit_map_jit",
        "ej_probe_jit_rwx_legacy",
        "ej_probe_net_op",
        "ej_sendto"
      ]
    },
    {
      "bundle_id": "com.yourteam.entitlement-jail.QuarantineLab_user_selected_executable",
      "id": "com.yourteam.entitlement-jail.QuarantineLab_user_selected_executable",
      "rel_path": "Contents/XPCServices/QuarantineLab_user_selected_executable.xpc/Contents/MacOS/QuarantineLab_user_selected_executable",
      "symbols": [
        "ej_connect",
        "ej_dlopen",
        "ej_getaddrinfo",
        "ej_mmap",
        "ej_munmap",
        "ej_open",
        "ej_probe_dlopen_external",
        "ej_probe_fs_op",
        "ej_probe_fs_op_wait",
        "ej_probe_jit_map_jit",
        "ej_probe_jit_rwx_legacy",
        "ej_probe_net_op",
        "ej_sendto"
      ]
    }
  ],
  "generated_at": "2025-12-25T03:21:11Z"
}
